Block,Timestamp,Hash,Prev_Hash,Transactions
0,2026-04-09T22:07:31.772667,00ca23b8c0aaaa7f...,0000000000000000...,0
1,2026-04-09T22:07:32.067670,0089d4b5d3542e81...,00ca23b8c0aaaa7f...,1
2,2026-04-09T22:07:32.274552,007e5447e2a0fb69...,0089d4b5d3542e81...,1
3,2026-04-09T22:07:32.478850,009e065060563259...,007e5447e2a0fb69...,1
4,2026-04-09T22:07:32.757361,008922d97c5a35d3...,009e065060563259...,1
5,2026-04-09T22:07:32.984328,007373350f0d5320...,008922d97c5a35d3...,1
6,2026-04-09T22:07:33.197190,003aff4b7c807902...,007373350f0d5320...,1
7,2026-04-09T22:07:33.461395,00a5b718acb97560...,003aff4b7c807902...,1
8,2026-04-09T22:07:33.689384,00d4cdff18eb7eca...,00a5b718acb97560...,1
9,2026-04-09T22:07:33.894678,00a5f7b6b752ba8a...,00d4cdff18eb7eca...,1
10,2026-04-09T22:07:34.101633,000cd212ff776984...,00a5f7b6b752ba8a...,1
11,2026-04-09T22:07:34.367799,00413212b65cb890...,000cd212ff776984...,1
12,2026-04-09T22:07:34.570110,0024d412ada89eda...,00413212b65cb890...,1
13,2026-04-09T22:07:34.780154,00913327a5d38288...,0024d412ada89eda...,1
14,2026-04-09T22:07:34.981357,0046f20b6bd74194...,00913327a5d38288...,1
15,2026-04-09T22:07:35.197098,00096fe95d528d68...,0046f20b6bd74194...,1
16,2026-04-09T22:07:35.466308,00044f28d171b5c7...,00096fe95d528d68...,1
17,2026-04-09T22:07:35.677010,002c06a5461eab16...,00044f28d171b5c7...,1
18,2026-04-09T22:07:35.880013,0062a22786f1b3e5...,002c06a5461eab16...,1
19,2026-04-09T22:07:36.093634,0035a537e87e37f1...,0062a22786f1b3e5...,1
20,2026-04-09T22:07:36.298050,000ca9c830c47d84...,0035a537e87e37f1...,1
